Rank,Validation Index,Dice
1,18,0.977266
2,348,0.984512
3,76,0.985268
4,450,0.987013
5,248,0.987538
